{
  "final_accuracy": 1.0,
  "final_val_accuracy": 0.9968553185462952,
  "final_loss": 0.004727331455796957,
  "final_val_loss": 0.03049282170832157,
  "final_auc": 1.0,
  "final_val_auc": 0.9965564608573914,
  "best_val_accuracy": 0.9968553185462952,
  "epochs_trained": 48,
  "timestamp": "2026-01-26T18:26:18.951296"
}