{
  "accuracy": [
    0.8692403435707092,
    0.9414694905281067,
    0.930261492729187,
    0.9489414691925049,
    0.9402241706848145,
    0.9601494669914246,
    0.968866765499115,
    0.9738480448722839,
    0.968866765499115,
    0.9763387441635132,
    0.9813200235366821,
    0.9850560426712036,
    0.9900373816490173,
    0.9850560426712036,
    0.9887920022010803,
    0.9912827014923096,
    0.9912827014923096,
    0.9987546801567078,
    0.9975093603134155,
    0.9987546801567078,
    0.9987546801567078,
    1.0,
    0.9987546801567078,
    1.0,
    0.9987546801567078,
    1.0,
    1.0,
    1.0,
    0.9987546801567078,
    1.0,
    1.0,
    0.9987546801567078,
    0.9987546801567078,
    1.0,
    1.0,
    1.0,
    1.0,
    1.0,
    1.0,
    1.0,
    1.0,
    1.0,
    1.0,
    1.0,
    1.0,
    1.0,
    1.0,
    1.0
  ],
  "auc": [
    0.9406110644340515,
    0.9800775647163391,
    0.9809957146644592,
    0.9917028546333313,
    0.9878845810890198,
    0.9936631917953491,
    0.9957940578460693,
    0.9960980415344238,
    0.9976426362991333,
    0.9976953864097595,
    0.9986352324485779,
    0.9991562366485596,
    0.9992959499359131,
    0.9985266923904419,
    0.9995378255844116,
    0.9996588230133057,
    0.999792218208313,
    0.999990701675415,
    0.9999254941940308,
    1.0,
    0.9999876022338867,
    1.0,
    1.0,
    1.0000001192092896,
    1.0,
    1.0000001192092896,
    1.0000001192092896,
    1.0,
    0.9999999403953552,
    1.0,
    1.0,
    1.0,
    1.0,
    1.0,
    1.0,
    0.9999998807907104,
    1.0,
    1.0,
    1.0,
    1.0,
    1.0,
    1.0000001192092896,
    1.0,
    0.9999999403953552,
    1.0,
    1.0,
    1.0,
    1.0
  ],
  "loss": [
    0.3100471496582031,
    0.17352303862571716,
    0.17472274601459503,
    0.12410201877355576,
    0.14085103571414948,
    0.10273750126361847,
    0.08927780389785767,
    0.08606941252946854,
    0.07105671614408493,
    0.06957485526800156,
    0.05970475450158119,
    0.04935791343450546,
    0.04598676785826683,
    0.05204068496823311,
    0.04121791943907738,
    0.0340699665248394,
    0.03127364441752434,
    0.02167917788028717,
    0.0222654826939106,
    0.016745727509260178,
    0.016781402751803398,
    0.01610732078552246,
    0.015453527681529522,
    0.011843246407806873,
    0.012282083742320538,
    0.011304608546197414,
    0.009980764240026474,
    0.010782801546156406,
    0.008986695669591427,
    0.008444180712103844,
    0.007527809124439955,
    0.01132381334900856,
    0.008601339533925056,
    0.0076532443054020405,
    0.008504212833940983,
    0.008225659839808941,
    0.007919353432953358,
    0.0067541226744651794,
    0.005848669447004795,
    0.005127317737787962,
    0.005427636671811342,
    0.006059609353542328,
    0.005670938640832901,
    0.005705764051526785,
    0.004768535029143095,
    0.005030703730881214,
    0.006789551116526127,
    0.004727331455796957
  ],
  "val_accuracy": [
    0.9402515888214111,
    0.955974817276001,
    0.9528301954269409,
    0.9685534834861755,
    0.9748427867889404,
    0.9371069073677063,
    0.9622641801834106,
    0.955974817276001,
    0.9276729822158813,
    0.9339622855186462,
    0.9056603908538818,
    0.9308176040649414,
    0.9622641801834106,
    0.9654088020324707,
    0.9213836193084717,
    0.9150943160057068,
    0.9402515888214111,
    0.8742138147354126,
    0.9245283007621765,
    0.955974817276001,
    0.9937106966972351,
    0.9905660152435303,
    0.9937106966972351,
    0.9937106966972351,
    0.9937106966972351,
    0.9937106966972351,
    0.9937106966972351,
    0.9937106966972351,
    0.9937106966972351,
    0.9937106966972351,
    0.9937106966972351,
    0.9937106966972351,
    0.9937106966972351,
    0.9937106966972351,
    0.9937106966972351,
    0.9968553185462952,
    0.9937106966972351,
    0.9937106966972351,
    0.9937106966972351,
    0.9937106966972351,
    0.9937106966972351,
    0.9937106966972351,
    0.9937106966972351,
    0.9937106966972351,
    0.9937106966972351,
    0.9937106966972351,
    0.9968553185462952,
    0.9968553185462952
  ],
  "val_auc": [
    0.9890955686569214,
    0.9912329912185669,
    0.99416184425354,
    0.9949535131454468,
    0.995745062828064,
    0.9962794780731201,
    0.9965565204620361,
    0.996873140335083,
    0.9968335628509521,
    0.997150182723999,
    0.9970314502716064,
    0.9973084926605225,
    0.9973283410072327,
    0.9976648092269897,
    0.9961210489273071,
    0.9963980913162231,
    0.9964179396629333,
    0.9967741966247559,
    0.9967544078826904,
    0.9966751933097839,
    0.996220052242279,
    0.9965763092041016,
    0.9966949820518494,
    0.9965169429779053,
    0.9966555237770081,
    0.9965169429779053,
    0.9966356158256531,
    0.9964772462844849,
    0.9965763092041016,
    0.9965763092041016,
    0.9965168833732605,
    0.9966752529144287,
    0.9966950416564941,
    0.9965565204620361,
    0.9965168833732605,
    0.9964377284049988,
    0.9965367317199707,
    0.9964773058891296,
    0.9965763092041016,
    0.9965763092041016,
    0.9965961575508118,
    0.996596097946167,
    0.9966356754302979,
    0.9966158866882324,
    0.9966356754302979,
    0.9965564608573914,
    0.9965763092041016,
    0.9965564608573914
  ],
  "val_loss": [
    0.5010372996330261,
    0.45322829484939575,
    0.41024425625801086,
    0.3764491677284241,
    0.3371829092502594,
    0.31181102991104126,
    0.2637448012828827,
    0.23039324581623077,
    0.23502805829048157,
    0.22344109416007996,
    0.22724202275276184,
    0.17556463181972504,
    0.12190330773591995,
    0.1082540899515152,
    0.20007210969924927,
    0.20049047470092773,
    0.13621167838573456,
    0.28493210673332214,
    0.2031930387020111,
    0.1078266054391861,
    0.04124151170253754,
    0.056986261159181595,
    0.05869515240192413,
    0.04076570272445679,
    0.045869216322898865,
    0.03712501749396324,
    0.044327013194561005,
    0.031774938106536865,
    0.03542041778564453,
    0.03667199984192848,
    0.032630037516355515,
    0.03770240768790245,
    0.041967641562223434,
    0.03452487662434578,
    0.032341111451387405,
    0.029718678444623947,
    0.032138533890247345,
    0.029436711221933365,
    0.032181330025196075,
    0.031947895884513855,
    0.03162940591573715,
    0.031718507409095764,
    0.03244227170944214,
    0.03212111443281174,
    0.03227810561656952,
    0.030552921816706657,
    0.030169280245900154,
    0.03049282170832157
  ],
  "learning_rate": [
    0.0010000000474974513,
    0.0010000000474974513,
    0.0010000000474974513,
    0.0010000000474974513,
    0.0010000000474974513,
    0.0010000000474974513,
    0.0010000000474974513,
    0.0010000000474974513,
    0.0010000000474974513,
    0.0010000000474974513,
    0.0010000000474974513,
    0.0010000000474974513,
    0.0010000000474974513,
    0.0010000000474974513,
    0.0010000000474974513,
    0.0010000000474974513,
    0.0010000000474974513,
    0.0010000000474974513,
    0.0010000000474974513,
    0.0005000000237487257,
    0.0005000000237487257,
    0.0005000000237487257,
    0.0005000000237487257,
    0.0005000000237487257,
    0.0005000000237487257,
    0.0005000000237487257,
    0.0005000000237487257,
    0.0005000000237487257,
    0.0005000000237487257,
    0.0005000000237487257,
    0.0005000000237487257,
    0.0005000000237487257,
    0.0005000000237487257,
    0.0002500000118743628,
    0.0002500000118743628,
    0.0002500000118743628,
    0.0002500000118743628,
    0.0002500000118743628,
    0.0002500000118743628,
    0.0002500000118743628,
    0.0002500000118743628,
    0.0002500000118743628,
    0.0002500000118743628,
    0.0001250000059371814,
    0.0001250000059371814,
    0.0001250000059371814,
    0.0001250000059371814,
    0.0001250000059371814
  ]
}